42949961615	-100.001225	32.400771
8590235781	-100.025338	37.751989
34359748308	-100.044042	41.756828
42949958520	-100.091542	32.900229
42950097642	-100.09251	48.675521
381765	-100.106125	40.110666
381775	-100.131026	40.108139
42949906677	-100.144884	32.853701
34359811278	-100.155323	34.133855
34360141826	-100.172947	40.930078
34359748356	-100.193721	41.865766
60129803993	-100.233682	32.520005
8590245013	-100.235651	34.438475
8590374020	-100.241548	46.630738
8590374054	-100.242235	46.276194
60129719277	-100.243549	45.521488
314854	-100.295425	46.684812
34360024837	-100.324449	37.297595
8590244848	-100.332024	34.477204
34360104277	-100.34111	36.440728
42950107189	-100.356928	48.702527
25770089991	-100.361959	39.109571
60129638962	-100.37491	47.494297
314021	-100.38983	47.156332
314363	-100.401942	46.817197
355271	-100.405137	41.937023
51539657357	-100.411026	32.464484
51539657425	-100.413985	32.464782
314982	-100.414391	46.820795
60129553152	-100.420094	31.470754
25769949339	-100.420124	31.479539
34359841604	-100.42854	28.859812
60129553095	-100.43339	31.454746
25770194096	-100.433403	37.819158
34359795248	-100.441285	43.924477
60129730396	-100.441513	40.649979
25770194327	-100.453223	38.486321
51539658483	-100.454219	32.233455
17180120278	-100.467465	34.561232
34359841693	-100.499166	28.698453
25769900307	-100.500306	29.227928
314311	-100.500506	46.820277
34359837071	-100.521028	33.995402
25769949163	-100.523307	31.416065
25769949175	-100.531678	31.416386
25770087396	-100.545654	39.988984
42949906727	-100.569967	32.556462
25770194407	-100.61092	38.600295
51539774730	-100.616348	47.831396
51539657463	-100.654081	32.138088
51539658571	-100.656636	32.515714
25770087171	-100.663504	39.925447
8590224149	-100.675998	37.882196
25769941567	-100.677156	35.656283
8590224170	-100.680907	37.883992
42949963901	-100.689812	32.417313
17180120093	-100.715703	34.507183
17180299252	-100.723744	29.392116
17180293875	-100.747178	39.470417
315959	-100.74846	46.833094
315273	-100.757088	47.061854
315044	-100.762695	46.86474
42950082178	-100.765472	31.324054
315353	-100.77058	47.125054
42950082182	-100.7794	31.316364
42949725245	-100.812748	48.015758
213394	-100.814357	37.095458
34359795419	-100.819669	43.897116
42950107118	-100.819921	48.663174
290748	-100.825124	41.151314
290462	-100.832015	41.145339
8590223693	-100.838082	37.957586
25770217042	-100.847352	37.482538
290282	-100.852053	41.149005
17179944848	-100.867704	40.212046
8590223881	-100.870492	37.963505
42949948232	-100.879841	32.682828
17180293860	-100.880939	39.162286
8590007763	-100.887393	34.939255
8590223848	-100.888195	37.966996
8590222769	-100.891015	37.967656
8590222720	-100.892644	37.997311
17180119723	-100.89871	34.397435
42949964129	-100.900974	32.35776
51539775476	-100.90564	46.823103
42949964115	-100.906227	32.380834
17179944819	-100.907113	40.246703
8590222625	-100.911247	38.162981
17179986239	-100.91358	35.562407
17180298928	-100.914974	29.359567
8590222584	-100.916139	38.171981
51539774923	-100.928918	47.241998
42949964085	-100.943488	32.380749
60129705762	-100.961601	47.249146
51539775328	-100.992551	46.837637
25770217166	-100.995107	37.439639
17179986174	-101.006511	35.513418
17180298687	-101.018083	29.453363
17179944788	-101.021536	40.297891
25770217084	-101.026743	37.406371
8590309456	-101.036098	42.043492
320006	-101.037044	47.240079
17180293973	-101.0459	39.401491
17179986453	-101.050955	35.486637
17180293948	-101.053128	39.401339
8590223203	-101.06642	38.032411
34359794866	-101.074392	43.899244
42949820008	-101.091239	38.487102
34359814131	-101.125433	36.24468
25770194604	-101.139648	37.360826
34360071071	-101.140022	36.906842
290978	-101.144938	40.847702
51539776085	-101.150673	46.819115
60129705576	-101.150868	47.473138
60129705568	-101.170371	47.497271
291319	-101.203652	41.168618
34360070974	-101.271224	36.81832
34359794965	-101.271297	43.833888
60129705191	-101.282934	48.23246
51539774509	-101.291186	47.821238
60129705275	-101.301971	48.234467
17179944985	-101.306284	40.126414
51539774317	-101.307583	47.813291
17180299305	-101.344294	29.758064
25769919816	-101.346845	39.028803
17180299303	-101.349624	29.756883
51539774424	-101.357396	47.813388
34359794923	-101.35978	43.836624
8590308395	-101.363275	37.886708
292172	-101.37609	41.120432
34360059841	-101.379184	48.226728
17180299277	-101.382914	29.77144
34359814651	-101.385027	35.665618
34359814537	-101.434525	35.662619
34360071215	-101.451141	36.704668
34359814359	-101.459642	35.979402
42949942968	-101.460996	31.189751
51539774393	-101.470469	47.836818
34360071199	-101.485408	36.677093
42949717360	-101.500034	35.500046
42949968024	-101.509575	32.22994
42949967987	-101.540933	32.243896
334003	-101.541895	37.931105
292427	-101.571159	41.238962
34359751073	-101.579848	42.031375
292201	-101.588838	41.129297
51539707923	-101.603641	48.619564
42949717795	-101.60743	35.289158
292417	-101.61476	41.25098
25769854420	-101.627258	34.177304
51539775931	-101.638237	46.845528
311926	-101.650189	36.03797
34359794750	-101.66435	43.780062
34359751121	-101.672521	42.008402
34359797785	-101.673086	44.034617
17180118868	-101.678654	40.040531
17180299011	-101.686105	29.912901
25769855261	-101.691396	34.189216
17180177220	-101.750273	39.775014
60129790106	-101.76102	40.837897
317306	-101.770551	47.264105
60129790103	-101.777889	40.837305
25770022656	-101.780631	34.532487
25769854621	-101.783306	34.10233
17180267123	-101.787779	33.575345
17180267122	-101.788462	33.574767
34359876467	-101.804877	35.211892
17180267355	-101.80611	33.55963
51539708025	-101.8091	48.478393
34359877272	-101.809353	35.354219
17180267284	-101.825416	33.55214
17180267225	-101.825459	33.565925
17180267296	-101.825967	33.553295
17180266836	-101.827822	33.574082
17180245831	-101.83313	29.964715
51539707821	-101.835347	48.72737
17180267054	-101.837143	33.569299
17180266847	-101.842296	33.588255
316987	-101.843278	47.2607
25769854465	-101.84446	34.051426
17180266780	-101.854886	33.597394
17180267364	-101.855326	33.645245
17180267020	-101.85866	33.609931
25769936604	-101.877029	35.070342
17180267657	-101.895144	33.581292
25769936479	-101.91484	34.989069
51539775714	-101.939478	46.869878
51539773668	-101.959009	48.027817
17180246303	-101.989692	30.011649
51539773606	-101.997356	47.965856
320180	-101.998046	34.325618
311751	-102.007116	35.674951
8590045948	-102.03055	43.730896
25769936297	-102.043351	34.972012
34359752966	-102.07943	42.018805
34359877486	-102.084785	35.192589
17180245774	-102.127212	36.387318
25769936329	-102.13503	34.940059
8590048436	-102.135621	43.989536
320302	-102.13735	34.402374
25769912796	-102.150159	39.320856
25770257258	-102.152953	45.943859
25770029364	-102.179722	35.493663
8590048370	-102.182657	44.003314
42949862637	-102.182766	31.939559
42949862859	-102.198921	31.931191
17180235870	-102.205606	40.083962
34359753229	-102.207337	42.802418
42949862821	-102.208129	31.926439
42949863724	-102.210296	31.925493
34360060290	-102.212581	48.687498
42949863495	-102.219063	31.920714
42949863764	-102.227478	31.91604
42949863370	-102.23236	31.912529
8590245520	-102.236074	36.492
8590048279	-102.237766	44.002279
42949863097	-102.240547	31.909359
17179994295	-102.269458	41.380953
51539773761	-102.279065	47.97231
25769932223	-102.303594	38.061978
25770023268	-102.3289	33.925453
25770023429	-102.336613	33.930448
34360184750	-102.341928	38.820439
25769912606	-102.350206	39.299245
17180315085	-102.352774	33.593398
34359836386	-102.356748	31.849604
17180314978	-102.372824	33.593616
34359811444	-102.380868	34.822006
25769912616	-102.427517	39.302515
8590049711	-102.447416	44.065579
34359836697	-102.449921	31.801439
25769912637	-102.465317	39.295613
17180246111	-102.467534	30.165235
8590049859	-102.474561	44.010195
8590049881	-102.484122	44.003462
8590045527	-102.498722	43.742208
51539774164	-102.536461	48.314657
34359836536	-102.551975	31.748824
34359841057	-102.560065	32.94041
34359841063	-102.564354	32.936859
316453	-102.564816	34.707149
34359840969	-102.566845	32.931353
17180314843	-102.572329	33.595842
240052	-102.593054	37.269075
240050	-102.593054	37.269693
8590245567	-102.613076	36.12517
8590046668	-102.619886	43.825509
17179994232	-102.636895	41.505598
42949812234	-102.640652	48.559081
25770029461	-102.652536	35.272335
8590058317	-102.682705	34.198634
17180214386	-102.682965	40.890287
34360059127	-102.701644	46.868919
34360058895	-102.707411	46.869082
8590235429	-102.724147	42.089812
42949812291	-102.739734	48.887087
8590050095	-102.747878	44.078393
42949956364	-102.78571	38.479069
8590235639	-102.794502	42.091852
8590058241	-102.821194	34.285682
25770029407	-102.840685	35.224634
8590309240	-102.863055	42.798568
51539820823	-102.87775	30.099379
25769935090	-102.879205	30.893205
8590235214	-102.879209	42.094088
17180214469	-102.88559	40.689557
316474	-102.895069	34.320913
51539820945	-102.906718	30.117805
51539681724	-102.910302	41.148157
8590047790	-102.94034	43.978947
25769934882	-102.970839	30.829545
240390	-102.988099	37.590181
8590047847	-102.992199	43.996937
240396	-102.993938	37.596163
51539681839	-102.999906	41.145682
17180089639	-103.028151	41.538137
316296	-103.037011	34.390103
316344	-103.039477	34.390075
8590049315	-103.05388	44.112122
17180214585	-103.080875	40.668099
8590235244	-103.092117	42.332247
51539656485	-103.102945	31.865851
17180089519	-103.108276	41.670284
8590046842	-103.115692	44.039567
8590049410	-103.133944	44.105203
8590051023	-103.134463	43.999988
42949954956	-103.137464	31.528085
51539681883	-103.137665	41.195036
8590361759	-103.15154	48.349814
8590048045	-103.160116	44.021791
51539681875	-103.180124	41.206398
8590235434	-103.181186	42.372298
8590050927	-103.181694	43.897494
8590048161	-103.189329	44.051721
8590074034	-103.200774	43.818603
42949926856	-103.204541	38.063563
17180213854	-103.207875	40.6202
17180213836	-103.210708	40.614277
42949926827	-103.218641	38.063272
8590048233	-103.222792	44.083607
8590049010	-103.224461	44.081761
8590104526	-103.226332	43.119995
17180214233	-103.242411	40.571891
51539820567	-103.24896	30.206415
17180214214	-103.255847	40.554101
8590104698	-103.261723	43.37963
8590104756	-103.261952	43.411641
8590074111	-103.266794	43.664903
8590073970	-103.278638	43.593305
8590074126	-103.283629	43.621873
51539709579	-103.309243	48.916245
51539681805	-103.325525	41.21616
25769835806	-103.328489	34.195569
60129702715	-103.332405	44.187067
8590308810	-103.347802	42.530691
42949956401	-103.34911	38.316837
8590308932	-103.356953	42.610311
17180215151	-103.391256	40.45895
43792	-103.393423	46.862517
8590216312	-103.39392	46.184997
17180269694	-103.410037	35.361108
60129702840	-103.432095	44.315911
8590046062	-103.447975	43.901209
51539820481	-103.449641	30.282703
60129686786	-103.476974	30.576823
42949945618	-103.481685	31.432845
42949958100	-103.486681	39.138977
8590046435	-103.504513	43.917922
17179972161	-103.515483	41.783945
42949946566	-103.516328	31.420557
42949946325	-103.521193	31.409545
8590046356	-103.528043	43.924678
60129702740	-103.552069	44.422232
8590361870	-103.564806	48.160392
42949946063	-103.575893	31.200228
42949959501	-103.616089	38.010672
42949958107	-103.627179	39.236371
8590047292	-103.645414	44.004596
8590047765	-103.653874	44.10711
17180269825	-103.659425	35.202243
8590105268	-103.660369	43.069349
60129686762	-103.671988	30.363115
42949959191	-103.723037	38.053677
42949945544	-103.749526	31.339928
17180269523	-103.767206	35.161752
51539653365	-103.787655	32.509251
42949945576	-103.798973	31.307606
25769835643	-103.803066	33.825873
8590059496	-103.807087	44.615251
71533	-103.81494	46.918835
60129679969	-103.819168	39.303154
8590059060	-103.8228	44.676496
51539648516	-103.826715	33.813412
60129679952	-103.835004	39.307062
51540007557	-103.858798	44.673269
51540007545	-103.861513	44.675619
8590059663	-103.865398	44.680371
42949959444	-103.865858	38.109672
25769851212	-103.869575	36.996227
51539652136	-103.871668	32.348888
51539633563	-103.875519	37.008902
71487	-103.876983	46.901093
51539633579	-103.880663	37.011429
25769850734	-103.910083	36.842532
25769850866	-103.91217	36.909471
8590105308	-103.918704	43.391743
25769850850	-103.918891	36.920074
42949945794	-103.948835	31.197632
25769943482	-103.94886	39.4702
51539652171	-103.963478	32.347186
42949958960	-103.96365	37.684246
51539652056	-103.966228	32.713302
17180048098	-103.967483	40.614938
17179972073	-103.978886	41.941727
51539634293	-103.986135	37.025714
71461	-103.988001	46.914706
8590105151	-104.004788	43.466136
42949958983	-104.00815	37.661557
34359878532	-104.018678	30.311643
51540007617	-104.027321	44.793844
34359878408	-104.028576	30.309171
25769935757	-104.042912	40.24647
34360111969	-104.065676	42.17053
34359927649	-104.073002	43.592548
34359927958	-104.073314	43.59789
8590186880	-104.087536	41.510987
8590186784	-104.100031	41.484979
8590185289	-104.112261	41.289033
8590185260	-104.121271	41.266438
34359811638	-104.133499	31.675178
33353	-104.14579	47.710704
34359927556	-104.156721	43.777077
51539633813	-104.161475	37.078174
34359877835	-104.162484	29.675829
33838	-104.165985	47.683629
34360111230	-104.168291	41.643733
34360111216	-104.185802	41.671845
34360111407	-104.187481	42.043749
34360112256	-104.203951	42.070461
42949912712	-104.209399	38.227813
177564	-104.234873	48.14914
34360112306	-104.280349	42.103255
42949911254	-104.325013	38.296612
34359877985	-104.325876	29.555754
42949911556	-104.331568	38.396262
42949911387	-104.336721	38.423721
51539673539	-104.340148	35.052937
42949911878	-104.340753	38.456729
34359877728	-104.344309	29.555779
42949911097	-104.346851	38.346777
42949911114	-104.34686	38.31879
51539633356	-104.353217	37.299877
51539648640	-104.35672	33.176305
42949912028	-104.362382	38.268066
34359811567	-104.362818	31.07655
34359878297	-104.372617	29.554935
17180049953	-104.375515	40.167582
34360111911	-104.380966	41.959154
51539674030	-104.401574	35.035702
23824	-104.429673	46.988232
34359754790	-104.439382	36.893188
34359753562	-104.456983	36.86704
34359753555	-104.457188	36.865123
34360112085	-104.459445	42.187064
34359754942	-104.466084	36.745125
159876	-104.467828	46.421235
34359753626	-104.474893	36.951382
17180049809	-104.475251	40.12503
51539634180	-104.486693	36.995111
51539634170	-104.489369	37.002027
8590184980	-104.49602	41.214336
51539634986	-104.498041	37.180813
51539633226	-104.50054	37.17898
42949910053	-104.502634	38.275389
51539648819	-104.510547	33.386215
51539674050	-104.515027	35.008084
42949854700	-104.523322	39.755967
51539634091	-104.524474	37.053695
51539634020	-104.525105	37.111675
42949947976	-104.533552	38.989191
51539648534	-104.534006	33.319884
34359754105	-104.539253	36.531984
51539633990	-104.539398	37.147127
8590189630	-104.546041	42.768122
17180049773	-104.573236	40.109325
8590184649	-104.574763	41.115218
34359753878	-104.589103	36.722499
34359754833	-104.590798	36.384134
24083	-104.59995	47.059631
42949912964	-104.600397	38.263905
42949910680	-104.610688	38.229739
42949909784	-104.61722	38.151445
177414	-104.623597	48.146386
42949909740	-104.626496	38.134289
51539633600	-104.627195	37.406826
34359754196	-104.627233	36.27049
42949909809	-104.629238	38.128633
60129868978	-104.631092	38.520674
51539633779	-104.641713	37.427671
17180049929	-104.644097	40.072144
42949912366	-104.646132	38.316451
42949910455	-104.649393	38.272119
17180049983	-104.649788	40.065985
179878	-104.655831	48.774102
42949716000	-104.656862	42.247575
42949949411	-104.671527	38.608728
51539677441	-104.672977	36.157583
17180084619	-104.677011	30.729197
51539633516	-104.678073	37.489358
51539673759	-104.681128	34.94702
42949949317	-104.687149	38.669272
51540025100	-104.688612	38.633156
17180084616	-104.694095	30.742579
51540025318	-104.694492	38.871934
51540025344	-104.69926	38.860453
42949950311	-104.702074	38.668023
42949949253	-104.704827	38.6974
42949716029	-104.706268	42.259683
42949908521	-104.709016	37.533705
51539677523	-104.710272	36.006267
51540016027	-104.719576	38.725475
24466	-104.723501	47.092776
42949716709	-104.727713	42.277523
177376	-104.737309	48.146944
51539673849	-104.73771	34.907726
42949910880	-104.753757	38.280705
24265	-104.757817	47.098432
60129680688	-104.761144	39.962221
42949855289	-104.762498	39.753353
60129771854	-104.775788	40.696123
42949949830	-104.781814	38.782788
42949859796	-104.784184	39.751197
51539676725	-104.784553	34.429638
51539673916	-104.784777	34.862569
42949859048	-104.787143	39.755579
42949716621	-104.789116	41.784462
42949908060	-104.795571	37.618945
180126	-104.800408	48.886747
51539632910	-104.801711	37.128109
42949949090	-104.806923	38.814818
17180049867	-104.813728	40.458763
372735	-104.819152	31.041549
42949858800	-104.82399	39.993352
42949858505	-104.82496	39.766846
51540025175	-104.831182	38.825979
51539632933	-104.835391	37.133431
8590188436	-104.836234	41.114728
17180049901	-104.837197	40.463477
8590188685	-104.840914	41.140044
179788	-104.844439	48.789018
8590187191	-104.850845	41.117973
42949855218	-104.851739	39.767883
42949944559	-104.853572	39.769229
42949870081	-104.855666	39.186298
51539677257	-104.863409	35.817588
42949943515	-104.865246	39.772322
42949910782	-104.875534	38.307797
42949869433	-104.876261	39.209586
42949910777	-104.878173	38.308623
42949869378	-104.884576	39.247941
42949869419	-104.884663	39.217328
42949907431	-104.886412	37.581627
8590188518	-104.88666	41.053364
42949859725	-104.893719	39.866356
17180048171	-104.894276	40.431582
42949859704	-104.894558	39.865235
42949859688	-104.895786	39.863947
17180048301	-104.906076	40.338135
179757	-104.907538	48.800785
34359754748	-104.90826	36.824136
8590188572	-104.913388	41.03579
34359754784	-104.915006	36.854777
51539674284	-104.925144	34.484162
180061	-104.925225	48.907962
42949870192	-104.92819	39.431674
42949715238	-104.931243	42.271203
42949716202	-104.93733	41.996708
42949855563	-104.93966	39.799131
60129686330	-104.939913	39.809788
42949857800	-104.94207	39.822368
42949715222	-104.944158	42.265231
8590188812	-104.944478	41.186985
42949945198	-104.94565	39.773514
42949715779	-104.946851	42.402967
42949858121	-104.948024	39.797254
42949715909	-104.949267	42.158892
42949855206	-104.950523	39.795992
51539677090	-104.952028	35.796552
42949951097	-104.952042	38.356304
42949859531	-104.952136	39.802457
42949859507	-104.954536	39.801952
42949943695	-104.95659	39.775436
8590188829	-104.957284	41.186228
42949950091	-104.958052	38.849557
51540010017	-104.962532	39.779808
42949859656	-104.962725	39.80767
42949854768	-104.963821	39.804614
42949715190	-104.968279	42.249589
42949943923	-104.969623	39.773083
42949715406	-104.97121	41.677747
42949944183	-104.971994	39.773441
60129586715	-104.97479	39.770274
42949854556	-104.977956	39.805498
42949944734	-104.983642	39.775055
17180049685	-104.986035	40.045117
60129587299	-104.989338	39.783919
42949854537	-104.991384	39.805717
60129586800	-104.99387	39.7597
60129586817	-104.99406	39.759906
42949944240	-104.994297	39.759522
42949945107	-104.994937	39.712787
42949943432	-104.995511	39.757393
42949944216	-104.996153	39.762337
42949860101	-104.998246	39.793295
42949854510	-104.998328	39.799912
42949856943	-104.998879	39.794802
42949857561	-105.000121	39.794986
42949857576	-105.000447	39.79175
51539998008	-105.000919	39.691555
17180210668	-105.003122	40.755246
17180210703	-105.003942	40.732278
42949943305	-105.005306	39.730538
42949943313	-105.005923	39.732426
17180210730	-105.006423	40.716389
60129622635	-105.00689	39.728439
60129586964	-105.007656	39.720908
42949857714	-105.007797	39.80332
42949869010	-105.009018	39.629034
17180210802	-105.010066	40.653746
34359975294	-105.012924	46.858128
42949869907	-105.015251	39.504885
42949869896	-105.015792	39.504776
60129652645	-105.023022	39.513358
8590188919	-105.024838	41.17642
42949715375	-105.027946	41.657586
51539674333	-105.030591	34.472225
42949855716	-105.034271	39.825321
17180210026	-105.042088	40.480153
17180210404	-105.077084	40.298739
60129801666	-105.07827	39.993956
60129823210	-105.078995	40.591775
42949862461	-105.081691	39.913563
17180211425	-105.082598	40.375554
42949867187	-105.084448	39.808195
17180211171	-105.086667	40.501664
159581	-105.089074	48.889974
42949861758	-105.093012	40.199486
42949861915	-105.101848	40.161841
51540029206	-105.117736	41.277804
8590357617	-105.124093	42.712884
25769804831	-105.125559	35.686148
42949907658	-105.147684	37.518564
8590189148	-105.150685	41.338921
8590186429	-105.150848	41.038787
42949908299	-105.153664	37.483358
8590357542	-105.161975	42.796869
8590357327	-105.162936	42.647552
42949950674	-105.169633	38.417931
42949867469	-105.171849	39.777334
34360167921	-105.174711	37.485435
8590186312	-105.175037	41.099497
42949950668	-105.179578	38.428043
25769804784	-105.193594	35.633053
8590189202	-105.19633	41.422327
8590189315	-105.207372	41.430615
8590189364	-105.210625	41.467169
25769805277	-105.211393	35.595802
8590188951	-105.213713	41.425194
8590188126	-105.21491	41.545638
8590188943	-105.21631	41.428724
8590357401	-105.230789	42.649636
42949951334	-105.233031	38.43777
42949867126	-105.236097	39.884071
42949867037	-105.236684	39.884685
42949950741	-105.237672	38.426997
60129731793	-105.254306	38.434734
51539673597	-105.259762	34.583568
42949867072	-105.273936	39.884869
8590186952	-105.276218	41.113277
42949861631	-105.284568	39.923158
42949861623	-105.291905	39.92106
8590158814	-105.297794	44.286998
42949706463	-105.297854	41.021063
42949861608	-105.306008	39.915367
8590358632	-105.307911	42.672481
8590357836	-105.31854	43.467815
51539767212	-105.327852	34.535219
159336	-105.329988	48.807102
60129731716	-105.334261	38.467136
8590357891	-105.33505	43.442936
8590158657	-105.341884	43.986828
8590159141	-105.353692	43.729479
8590357214	-105.354342	42.69262
23895	-105.373461	47.285178
8590358857	-105.385457	42.756683
8590358512	-105.386766	42.763801
159284	-105.403005	48.795667
8590358483	-105.413791	42.785042
42949953170	-105.417725	39.929014
34359975434	-105.42924	46.737462
51539767278	-105.462978	34.410021
34359975397	-105.470494	46.689909
42949953093	-105.475775	39.913367
51539767294	-105.488757	34.382397
42949707280	-105.497492	41.097245
42949953032	-105.516452	39.917448
51540029780	-105.519859	37.434871
42949707653	-105.525865	41.157365
8590207440	-105.572649	46.624887
42949706684	-105.597255	41.310856
42949706900	-105.597856	41.336057
42949706704	-105.598225	41.29839
60129833284	-105.604712	34.216909
42949706058	-105.629452	41.317668
8590158526	-105.661818	44.309597
42949706097	-105.682383	41.328831
8590158489	-105.700494	44.332466
60129732095	-105.732901	38.361124
177788	-105.757132	48.0717
60129732081	-105.764643	38.385598
51539767506	-105.788954	34.675049
60129578240	-105.793893	39.926087
8590207659	-105.797119	46.444829
8590358886	-105.835108	42.798538
8590158389	-105.836036	44.426902
60129891243	-105.836511	46.412426
34359951792	-105.847343	37.466458
34359951790	-105.848223	37.466592
60129891260	-105.853516	46.399104
60129665666	-105.854244	35.515597
8590207499	-105.86004	46.408707
8590358237	-105.867067	42.872974
17180189625	-105.884619	40.067836
51539649272	-105.889389	35.479425
42949951557	-105.889532	38.479736
42949951621	-105.906687	38.485422
42949932212	-105.940557	38.503182
51539649307	-105.950565	35.680796
51539673032	-105.958564	37.283544
51539672943	-105.961102	37.274224
51539673155	-105.962313	37.268987
51539672927	-105.96669	37.252716
17180190435	-105.975011	39.78833
42949707378	-105.987924	41.809323
51539649563	-105.992042	35.399804
34359951741	-106.00058	37.519539
51539786066	-106.000585	33.555067
51539672485	-106.00777	37.077437
51539786062	-106.015466	33.539322
17180190078	-106.019224	40.103958
51539672519	-106.020743	37.065363
180670	-106.023189	48.05787
42949931937	-106.048032	38.67391
51539649589	-106.055123	35.408626
60129891144	-106.06096	46.341641
51539786013	-106.062198	33.41968
51539761494	-106.06536	33.263925
8590285263	-106.09196	42.86575
8590285261	-106.09474	42.86499
51539672586	-106.100163	36.999265
51539672592	-106.100307	36.995431
51539767642	-106.107605	34.568695
17180189445	-106.127615	40.063155
51539689341	-106.163163	31.511587
51539936863	-106.179178	36.990748
51539937210	-106.182946	36.989101
42949932397	-106.197401	38.955049
51539937062	-106.209168	36.987985
51539649489	-106.231824	35.484898
17180232498	-106.243224	37.637959
51539937120	-106.279235	36.985327
42949908917	-106.286277	39.261181
180832	-106.306814	48.127189
17180232396	-106.360363	37.684395
60129596579	-106.368549	39.51134
51539688062	-106.3732	31.740132
51539694409	-106.378881	31.920105
34360114239	-106.379649	41.90995
51539692504	-106.380528	31.768486
51539690882	-106.383037	31.767035
51539688245	-106.38789	31.899982
51539689645	-106.390204	31.755931
51539688132	-106.392767	31.767482
51539688531	-106.393085	31.768293
51539688208	-106.393463	31.761453
51539688281	-106.394806	31.766214
51539688327	-106.395877	31.76655
51539688710	-106.39706	31.886124
51539688191	-106.398226	31.761464
51539672801	-106.403103	37.03391
51539688364	-106.417353	31.853516
51539689975	-106.421573	31.813346
8590284602	-106.42802	42.915265
51539694057	-106.428269	31.816165
17180188826	-106.454801	40.026631
51539688784	-106.467646	31.766855
51539690478	-106.467925	31.765448
51539690729	-106.468592	31.759252
51539687791	-106.471834	31.775511
51539690109	-106.47282	31.771285
60129847996	-106.472921	46.272129
51539690764	-106.473772	31.769798
51539690765	-106.473891	31.769754
51539688417	-106.474323	31.768479
17180188764	-106.479024	40.015564
51539672596	-106.479274	37.000686
51539692366	-106.487149	31.748352
51539691845	-106.487235	31.750151
180470	-106.504469	48.398966
17180188638	-106.506695	39.996289
51539687444	-106.515305	31.772552
34360113456	-106.518614	41.906984
51539688380	-106.518974	31.781758
17180188536	-106.519964	39.981749
51539691273	-106.525464	31.789241
51539693127	-106.525582	31.787933
51539687484	-106.525672	31.788354
17180188437	-106.526078	39.967365
60129582297	-106.527389	31.787314
17180188403	-106.533819	39.96737
17180188362	-106.54092	39.96206
34359945087	-106.546884	35.044556
17180188292	-106.550531	39.958424
51539693395	-106.569189	31.830722
51539690956	-106.584316	31.963289
60129739642	-106.584834	46.285134
51539690966	-106.585077	31.962782
51539690078	-106.589912	31.962217
51539693578	-106.595099	31.877362
25769889601	-106.607057	39.908265
60129596279	-106.609602	39.653342
34359995055	-106.612127	45.884052
17180232645	-106.621769	37.67272
34359944706	-106.641198	35.113042
34359945038	-106.652637	35.042784
34359944599	-106.666175	35.101821
34360114401	-106.706884	41.836324
34360113779	-106.74187	41.897229
34360046744	-106.747637	37.743579
34360113094	-106.755303	41.832851
34360112885	-106.766137	41.693833
60129781154	-106.768326	34.645213
25769889954	-106.773996	39.90969
34360046713	-106.786036	37.761949
17180319374	-106.798944	40.059436
34360113674	-106.803073	41.950805
34360113945	-106.803242	41.953616
34360112936	-106.816737	41.750023
51539762438	-106.825768	34.433534
17179957577	-106.83465	32.4008
51539762505	-106.841111	34.285561
51539762686	-106.877579	34.00528
34360112637	-106.881753	41.760856
17179957467	-106.89205	32.47607
60129596081	-106.899613	39.646902
8590284075	-106.91148	43.03457
17180319962	-106.960302	40.311416
8590285650	-107.003175	44.903645
51539677571	-107.027669	33.307637
51539677646	-107.031173	33.16272
51539677633	-107.03191	33.172219
17179959498	-107.055139	32.676357
51539773315	-107.07987	45.802965
51539773206	-107.099245	45.827316
60129894434	-107.10723	46.150872
51539768234	-107.137557	45.953604
60129894294	-107.152371	46.278084
8590285765	-107.154913	44.910243
17180318470	-107.166267	40.49441
34360007729	-107.17911	39.591658
17180319973	-107.180837	40.48529
17179958311	-107.18332	32.65106
17179958473	-107.203589	32.196503
34360112692	-107.230465	41.789814
17179958413	-107.25394	32.615294
34360113319	-107.256509	41.780955
17179958415	-107.25707	32.61461
34360007410	-107.263343	39.456615
34360007404	-107.263693	39.457978
34360007399	-107.264668	39.460289
34360113426	-107.283317	41.77026
60129897694	-107.298502	48.43893
51539761283	-107.335326	35.096579
51539761157	-107.337339	35.06484
51539936378	-107.344346	48.456051
60129893236	-107.367546	45.044186
60129849127	-107.37977	45.202338
60129849858	-107.393374	45.109726
60129849146	-107.39826	45.43397
51539761087	-107.401571	35.046296
34360007052	-107.406059	39.560236
34360007047	-107.407711	39.561743
60129894186	-107.415705	46.210607
34360007009	-107.457029	39.571476
17180023220	-107.462238	40.524649
34360006939	-107.464182	39.573188
51539936461	-107.514325	48.43148
60129892661	-107.517275	46.146721
60129892650	-107.521988	46.14304
34360006877	-107.539327	39.570596
17180023251	-107.541481	40.510173
17180023001	-107.577868	40.474
60129691637	-107.626231	34.152147
17180023578	-107.652148	40.431513
17180233349	-107.661348	37.749809
34360102507	-107.665977	32.326731
17180233225	-107.672613	37.674517
34360019242	-107.702784	37.623393
34360102104	-107.727615	32.250351
34360102548	-107.728164	32.286161
17180177634	-107.740895	38.789295
25770009777	-107.746514	38.1878
60129829848	-107.754922	35.099163
34360006454	-107.762632	39.375239
34360102387	-107.771425	32.270228
34360019120	-107.777973	37.530807
25770095445	-107.786363	43.28369
17180177675	-107.789089	38.777808
34360018718	-107.820713	37.227951
34360018705	-107.821651	37.232864
60129829821	-107.826501	35.136206
51539699765	-107.854878	46.023008
34360018975	-107.856784	37.309294
34360018452	-107.862373	37.223782
34360018564	-107.872227	37.062023
34360019060	-107.88103	37.266447
17180294315	-107.884221	38.48357
34359866378	-107.905787	44.189149
60129829732	-107.9092	35.209713
60129662639	-107.92487	35.410524
34360006582	-107.943741	39.493943
51539761073	-107.947615	35.255695
42949827265	-107.960444	41.67725
34360006572	-107.968195	39.480554
51539761249	-107.975928	35.269093
17180294108	-107.977473	38.588987
25770095359	-108.008893	43.268208
34359866014	-108.036231	44.380037
34359865930	-108.052941	44.468988
34360007515	-108.062032	39.4413
51539766477	-108.06972	35.372354
60129893975	-108.118437	45.951825
51539766632	-108.147718	35.390412
25770096320	-108.176956	43.508858
34360097319	-108.212495	32.650893
34360102253	-108.214652	32.21096
25769923355	-108.222384	39.323056
60129542703	-108.226905	44.859872
34360097592	-108.228405	32.602048
25769923378	-108.231151	39.316491
25769923410	-108.245604	39.308607
60129893886	-108.247233	45.915947
60129891121	-108.267183	45.915914
60129891074	-108.294368	45.900449
25769922306	-108.313736	39.152095
25770095137	-108.346531	43.068726
25769922525	-108.372091	38.847628
25769922533	-108.373372	38.850056
25769922535	-108.373895	38.85059
25769922582	-108.397193	38.86501
25770094472	-108.440615	42.980532
51539952066	-108.443016	48.450834
51539697711	-108.464963	45.796285
51539697702	-108.467051	45.795752
42949828337	-108.473412	41.5922
51539814131	-108.477157	36.640416
51539697667	-108.477651	45.793853
25769924516	-108.477785	39.081223
34359866194	-108.478142	44.867681
51539697740	-108.514147	45.776218
51539697736	-108.514979	45.775536
25769923003	-108.522303	39.011174
25769923757	-108.531276	39.028922
51539698187	-108.562129	45.753077
60129781241	-108.604879	35.532132
25769923552	-108.61035	39.091876
51539765419	-108.617604	35.533351
51539698226	-108.642583	45.714044
51539699094	-108.655247	45.86129
25769923777	-108.673553	39.124301
25769922075	-108.683427	39.129397
60129781194	-108.697516	35.529576
51539698760	-108.698953	45.766094
51539698852	-108.710236	45.797492
51539698398	-108.748418	45.67215
42949825879	-108.748554	41.675154
51539699532	-108.760445	45.64197
25769924587	-108.816734	39.198767
25770094664	-108.826347	42.43131
8590128480	-108.863456	45.44863
25769924136	-108.872391	39.225843
51539698553	-108.874423	46.090867
8590127906	-108.883322	45.515186
51539765504	-108.883649	35.497455
25770094748	-108.895352	42.343586
51539766380	-108.920207	35.477591
8590127862	-108.981211	45.481897
8590154240	-108.983113	46.302175
51539685179	-108.988186	32.229252
25769922050	-108.989765	39.248459
60129888852	-108.99655	48.579564
51539766727	-108.99856	35.641808
25769922219	-109.017643	39.140857
60129847815	-109.024815	46.263893
8590190202	-109.042741	44.547854
8590131263	-109.043414	42.27702
8590190306	-109.048321	44.545919
34359837430	-109.051848	39.119585
8590190229	-109.065239	44.539949
60129847723	-109.088575	46.324515
42949826204	-109.112166	41.612017
51539925751	-109.15778	35.281851
8590154171	-109.162896	46.308551
42949828516	-109.227259	41.594445
42949826401	-109.230882	41.575139
42949826018	-109.232528	41.610401
51539951923	-109.237029	48.595604
42949826898	-109.244142	41.560315
34359837716	-109.276213	38.985856
42949826512	-109.297207	41.559658
51539678374	-109.301584	33.045085
51539925814	-109.3349	34.686798
34360087943	-109.422901	47.068979
51539658855	-109.425402	31.492612
42949829035	-109.435216	41.516985
60129713230	-109.438274	45.686803
60129678784	-109.439711	47.064899
51539658728	-109.488798	31.436892
51539925579	-109.496383	35.14548
60129713173	-109.505748	45.707816
34359837935	-109.541639	38.960503
60129678871	-109.542514	47.027307
42949826726	-109.554637	41.557711
51539926137	-109.568589	35.107721
51539661463	-109.634505	32.354232
60129678959	-109.654732	46.998195
286523	-109.668027	48.554324
34360088326	-109.672056	47.187692
34359837983	-109.684811	38.956776
34359837962	-109.695444	38.961844
